{
  "Accuracy": 0.9941587392413513,
  "Precision": 0.9957530864197531,
  "Recall (Sensitivity)": 0.9745535390638216,
  "F1-Score": 0.9850392642981889,
  "AUC-ROC": 0.9985195011786892
}